projet,concours,chercheur,profil scholar,affiliation,interests
Repurposing Marine By-Products or raw Materials for the Development and Production of Functional Foods and Bioactives to Improve Human Health and Coastal Community Sustainability,2020,"Abbey, Lord",,Dalhousie University,"['Plant nutritiion', 'plant phyiology', 'organic', 'integrated management', 'horticulture']"
BIOSCAN: Tracing the Patterns of Life on a Changing Planet,2020,"Ahmed, Nazeer",,"Department of Physics, National Institute of Technology,  Srinagar.",['Single Crystal Growth & Materials Characterization.']
Enabling novel cardiac therapies with pluripotent stem cells,2022,"Amon, Cristina",,"professor, university of toronto",[]
The Next Frontier in Transplantation: Ex Vivo Strategies to Repair and Rebuild Organs,2020,"Amon, Cristina",,"professor, university of toronto",[]
Ărramăt: Strengthening Health and Well-Being through Indigenous-Led Conservation and Sustainable Relationships with Biodiversity,2020,"Andrew, Leon",,Carnegie Mellon Univeristy,"['Biophotonics', 'imaging']"
Ărramăt: Strengthening Health and Well-Being through Indigenous-Led Conservation and Sustainable Relationships with Biodiversity,2020,"Argumedo, Alejandro",,Universidad de Los Andes,"['Análisis probabilístico', 'Geotecnia', 'Ingeniería Civil', 'Tailings Engineering', 'Waste Management']"
A pipeline approach for the rational design of neuronal lineage conversion approaches to treat neurological disorders,2022,"Aubert, Isabelle",,"Sunnybrook Research Institute, University of Toronto",['Neuroscience']
Protection of Metallic Surfaces from Bulk to Nano Through Molecular-Level Innovation,2020,"Baddeley, Christopher",,University of St Andrews,"['Surface Chemistry', 'Heterogeneous Catalysis']"
A pipeline approach for the rational design of neuronal lineage conversion approaches to treat neurological disorders,2022,"Badea, Ildiko",,University of Saskatchewan,"['nanotechnology', 'drug delivery', 'biomaterials']"
Ărramăt: Strengthening Health and Well-Being through Indigenous-Led Conservation and Sustainable Relationships with Biodiversity,2020,"Badger, Jim",,"Associate Professor, Human Immunology, IFReC, Osaka university","['Immunology', 'Immune regulation']"
CANSTOREnergy: Seasonal storage of renewable energy,2022,"Baker, Sarah E.",,"Head of Research, Media Design School","['Design methodologies', 'Social Justice', 'Sustainability']"
Protection of Metallic Surfaces from Bulk to Nano Through Molecular-Level Innovation,2020,"Barry, Sean",,Carleton University,['Atomic Layer Deposition']
TRIDENT: TRanslational Initiative to DE-risk NeuroTherapeutics,2022,"Bartha, Robert",,"Professor of Medical Biophysics, University of Western Ontario","['magnetic resonance imaging', 'magnetic resonance spectroscopy', 'alzheimer disease', 'cancer', 'stroke']"
Repurposing Marine By-Products or raw Materials for the Development and Production of Functional Foods and Bioactives to Improve Human Health and Coastal Community Sustainability,2020,"Basset, Fabian",,"Associate Professor, School of Human Kinetics and Recreation, Memorial University",['Human Physiology']
BIOSCAN: Tracing the Patterns of Life on a Changing Planet,2020,"Baum, Julia",,"Professor, Biology, University of Victoria","['Climate change impacts', 'Climate solutions', 'Ocean ecology', 'Fisheries']"
CANSTOREnergy: Seasonal storage of renewable energy,2022,"Bazylak, Aimy",,"Professor, Canada Research Chair in Clean Energy, University of Toronto","['Fuel cells and electrolyzers', 'microfluidics', 'porous media', 'heat and mass transport', 'regenerative medicine']"
Rare Isotopes to Transform Cancer Therapy,2022,"Beauregard, Jean-Mathieu",,"Associate Professor of Nuclear Medicine, Université Laval","['Molecular Imaging', 'Radiopharmaceutical Therapy', 'Theranostics', 'Oncology']"
Abundant Intelligences: Expanding Artificial Intelligence through Indigenous Knowledge Systems,2022,"Bengio, Yoshua",,"Professor of computer science, University of Montreal, Mila, IVADO, CIFAR","['Machine learning', 'deep learning', 'artificial intelligence']"
Mend the Gap: A Transformative Biomaterials Platform for Spinal Cord Repair,2020,"Berger, Michael",,"Member, Memorial Sloan-Kettering Cancer Center","['cancer genomics', 'DNA sequencing', 'computational biology']"
CANSTOREnergy: Seasonal storage of renewable energy,2022,"Bergerson, Joule",,University of Calgary,"['Energy Systems Analysis', 'Oil Sands', 'Petroleum Systems', 'Power Systems', 'Technology Assessment']"
Ărramăt: Strengthening Health and Well-Being through Indigenous-Led Conservation and Sustainable Relationships with Biodiversity,2020,"Berkes, Fikret",,University of Manitoba,"['social-ecological resilience', 'commons', 'traditional ecological knowledge', 'indigenous knowledge', 'human ecology']"
Protection of Metallic Surfaces from Bulk to Nano Through Molecular-Level Innovation,2020,"Berlin, Alejandro",,"Head of Research Group ""PDE"" at WIAS, Professor at Humboldt-Universität zu Berlin","['applied analysis', 'calculus of variations', 'continuum mechanics', 'gradient systems']"
CANSTOREnergy: Seasonal storage of renewable energy,2022,"Berlinguette, Curtis",,The University of British Columbia,"['electrochemical reactors', 'advanced nuclear fusion', 'flexible automation', 'smart windows', 'commercialization']"
CANSTOREnergy: Seasonal storage of renewable energy,2022,"Besco, Laurel",,"Associate Professor, University of Toronto Mississauga","['environmental law and policy', 'green economy', 'corporate sustainability', 'sustainable tourism']"
Enabling novel cardiac therapies with pluripotent stem cells,2022,"Biktashev, Vadim",,University of Exeter,[]
CANSTOREnergy: Seasonal storage of renewable energy,2022,"Birss, Viola",,University of Calgary,"['electrochemistry', 'nanomaterials', 'electrolysis', 'carbon', 'CO2']"
A pipeline approach for the rational design of neuronal lineage conversion approaches to treat neurological disorders,2022,"Blakney, Anna",,"Assistant Professor, University of British Columbia","['Gene delivery', 'RNA vaccines', 'Biomaterials', 'Formulation science', 'Immunology']"
TRIDENT: TRanslational Initiative to DE-risk NeuroTherapeutics,2022,"Brandon, Mark",,"Professor, Earth and Planetary Sciences, Yale University","['Tectonics', 'Paleotopography and Water Isotopes', 'Deformation Processes', 'Thermochronology', 'Geomorphology']"
Repurposing Marine By-Products or raw Materials for the Development and Production of Functional Foods and Bioactives to Improve Human Health and Coastal Community Sustainability,2020,"Breen, Jimmy",,Telethon Kids Institute (Adelaide Office) & Australian National University,"['Bioinformatics', 'Genomics', 'Epigenetics']"
Enabling novel cardiac therapies with pluripotent stem cells,2022,"Broomell, Stephen",,Associate Professor,"['Psychology', 'Judgment and Decision Making']"
Enabling novel cardiac therapies with pluripotent stem cells,2022,"Brown, Allison",,"Professor, Department of Epidemiology, Brown University School of Public Health","['Epidemiology', 'Obesity', 'Eating Disorders', 'Nutrition', 'Child Health']"
Inclusive Design for Employment Access (IDEA),2020,"Brown, David",,National Science Foundation (on leave from Southwestern College),"['Chemistry Education', 'Broadening Participation in STEM', 'Nanomaterials', 'Molecular Spectroscopy']"
Abundant Intelligences: Expanding Artificial Intelligence through Indigenous Knowledge Systems,2022,"Brown, Michelle",,University of Melbourne,"['performance management systems', 'employee share ownership', 'human resource management']"
Enabling novel cardiac therapies with pluripotent stem cells,2022,"Bub, Gil",,McGill University,"['nonlinear dynamics', 'microscopy', 'cardiac sciences']"
CANSTOREnergy: Seasonal storage of renewable energy,2022,"Bullock, Ryan",,"Canada Research Chair in Human-Environment Interactions, The University of Winnipeg","['community forestry', 'community-based natural resource management', 'conflict', 'environmental governance', 'adaptation']"
TRIDENT: TRanslational Initiative to DE-risk NeuroTherapeutics,2022,"Bussey, Timothy",,"Western Research Chair & Professor in Behavioural Neuroscience, Western University, Canada","['Learning', 'memory', 'cognition', 'translation', 'neuropsychiatric & neurodegenerative disease']"
Rare Isotopes to Transform Cancer Therapy,2022,"Bénard, François",https://scholar.google.ca/citations?user=iZ2An1QAAAAJ&hl=en,"Professor of Radiology, University of British Columbia","['Nuclear medicine', 'positron emission tomography', 'cancer imaging', 'breast cancer', 'receptor imaging']"
Rare Isotopes to Transform Cancer Therapy,2022,"Bénard, François",,"Professor of Radiology, University of British Columbia","['Nuclear medicine', 'positron emission tomography', 'cancer imaging', 'breast cancer', 'receptor imaging']"
Ărramăt: Strengthening Health and Well-Being through Indigenous-Led Conservation and Sustainable Relationships with Biodiversity,2022,"Caroll, Clint",,"Associate Professor of Native American and Indigenous Studies, University of Colorado Boulder","['Native American Environmental Issues', 'Political Ecology', 'Ethnography', 'Indigenous Governance', 'Tribal Natural Resource Management']"
Ărramăt: Strengthening Health and Well-Being through Indigenous-Led Conservation and Sustainable Relationships with Biodiversity,2020,"Carroll, Clint",,"Associate Professor of Native American and Indigenous Studies, University of Colorado Boulder","['Native American Environmental Issues', 'Political Ecology', 'Ethnography', 'Indigenous Governance', 'Tribal Natural Resource Management']"
Repurposing Marine By-Products or raw Materials for the Development and Production of Functional Foods and Bioactives to Improve Human Health and Coastal Community Sustainability,2020,"Carter, Ken",,University of Massachusetts - Amherst,['Polymer Science']
TRIDENT: TRanslational Initiative to DE-risk NeuroTherapeutics,2022,"Cashman, Neil",,University of British Columbia,"['protein misfolding', 'amyotrophic lateral sclerosis', 'frontotemporal dementia', 'Alzheimer disease', 'prions']"
BIOSCAN: Tracing the Patterns of Life on a Changing Planet,2020,"Castle, David",,Professor of Psychiatry,"['schizophrenia', 'bipolar', 'cannabis', 'body dysmorphic disorder', 'OCD']"
Ărramăt: Strengthening Health and Well-Being through Indigenous-Led Conservation and Sustainable Relationships with Biodiversity,2020,"Catholique, JC",,"Université catholique de Louvain, IREC, EDIN",['Physiology and pathophysiology of pancreatic beta-cells in diabetes']
TRIDENT: TRanslational Initiative to DE-risk NeuroTherapeutics,2022,"Chakravarty, Mallar",,Douglas Research Centre; McGill University Department of Psychiatry,"['Mental Illness', 'mental health', 'neuroscience', 'brain imaging', 'neuroimaging']"
The Next Frontier in Transplantation: Ex Vivo Strategies to Repair and Rebuild Organs,2020,"Chan, Christopher",,"University Health Network, University of Toronto",['dialysis']
BIOSCAN: Tracing the Patterns of Life on a Changing Planet,2020,"Chandra, Kailash",,"Assoc.Prof., Department of Physics, Indian Institute of Technology Ropar, Ropar","['SFG Spectroscopy', 'Interfaces and Surfaces', 'Biophysics', 'Laser Induced Liquid Microjet', 'Radiation Pressure']"
BIOSCAN: Tracing the Patterns of Life on a Changing Planet,2020,"Chang, Angel",,Simon Fraser University,"['Natural Language Processing', 'AI']"
Ărramăt: Strengthening Health and Well-Being through Indigenous-Led Conservation and Sustainable Relationships with Biodiversity,2020,"Charles, Anthony",,"School of the Environment & School of Business, Saint Mary's University, Canada","['Fisheries', 'Coasts & Oceans', 'Communities', 'Sustainability', 'Governance']"
Repurposing Marine By-Products or raw Materials for the Development and Production of Functional Foods and Bioactives to Improve Human Health and Coastal Community Sustainability,2020,"Cheema, Mumtaz",,"Professor, School of Science and the Environment, Memorial University","['Agronomy', 'Plant physiology', 'Environmental science', 'Sustainable agriculture']"
Repurposing Marine By-Products or raw Materials for the Development and Production of Functional Foods and Bioactives to Improve Human Health and Coastal Community Sustainability,2020,"Cheema, Sukhinder",,"Professor, Memorial University","['lipids', 'cholesterol', 'dietary fats', 'omega-3 fatty acids', 'fetal programming']"
Protection of Metallic Surfaces from Bulk to Nano Through Molecular-Level Innovation,2020,"Chen, Xiaoyuan",,National University of Singapore,"['molecular imaging', 'nanomedicine', 'drug and gene delivery', 'theranostics', 'radiopharmaceuticals']"
Mend the Gap: A Transformative Biomaterials Platform for Spinal Cord Repair,2020,"Cheung, Karen",,"School of Biomedical Engineering, Electrical & Computer Engineering, University of British Columbia","['microfluidics', 'bioMEMS', 'tissue engineering', 'biomedical engineering', 'MEMS']"
Abundant Intelligences: Expanding Artificial Intelligence through Indigenous Knowledge Systems,2022,"Cheung, Melanie",,Indiana University Purdue University Indianapolis,"['Chemical biology', 'proteomics', 'molecular biology']"
A pipeline approach for the rational design of neuronal lineage conversion approaches to treat neurological disorders,2022,"Choque, Maria Eugenia",,Docente,['ciencias de la obstetricia y neonatologia']
Ărramăt: Strengthening Health and Well-Being through Indigenous-Led Conservation and Sustainable Relationships with Biodiversity,2020,"Chowdhury, Ashok",,Institute of liver and biliary sciences,"['sepsis', 'ACLF', 'Liver transplant']"
Protection of Metallic Surfaces from Bulk to Nano Through Molecular-Level Innovation,2020,"Clark, Timothy",,"Associate Professor of Public Health Sciences and Data Science, University of Virginia",[]
TRIDENT: TRanslational Initiative to DE-risk NeuroTherapeutics,2022,"Clery, Justine",,"Research Physicist, Air Force Research Laboratory",[]
Protection of Metallic Surfaces from Bulk to Nano Through Molecular-Level Innovation,2020,"Coolens, Catherine",,Princess Margaret Cancer Centre,"['Medical Physics', 'Radiation Oncology']"
Inclusive Design for Employment Access (IDEA),2020,"Coppin, Peter",,"Associate Professor, OCAD University","['Inclusive Design', 'Perceptual-Cogtitive Approaches to Design', 'Visual Art', 'Cognitive Science', 'Diagrammatic Reasoning']"
Abundant Intelligences: Expanding Artificial Intelligence through Indigenous Knowledge Systems,2022,"Cordes, Ashley",,"Assistant Professor of Indigenous Communication, University of Utah","['Digital Media', 'Native American and Indigenous Studies', 'Critical/Cultural Studies', 'Community-based Participatory Action Research']"
BIOSCAN: Tracing the Patterns of Life on a Changing Planet,2020,"Costa, Filipe",,Previously at the University of Florida,"['physics', 'High energy', 'gravitational waves', 'Cybersecurity', 'Cyberdiplomacy']"
Abundant Intelligences: Expanding Artificial Intelligence through Indigenous Knowledge Systems,2022,"Courville, Aaron",,"Professor, DIRO, Université de Montréal, Mila, Cifar CAI chair","['Machine learning', 'Artificial Intelligence']"
Mend the Gap: A Transformative Biomaterials Platform for Spinal Cord Repair,2020,"Cretu, Edmond",,"Electrical and Computer Engineering, University of British Columbia, V6T 1Z4","['Emerging Micro/Nano Technologies', 'Microsystems/MEMS', 'instrumentation', 'Nanotechnology', 'Signal processing and control']"
BIOSCAN: Tracing the Patterns of Life on a Changing Planet,2020,"Cristescu, Melania",,McGill University,['ecological genomics']
The Next Frontier in Transplantation: Ex Vivo Strategies to Repair and Rebuild Organs,2020,"Crome, Sarah",,University of Toronto and University Health network,['Assistant Professor']
Abundant Intelligences: Expanding Artificial Intelligence through Indigenous Knowledge Systems,2022,"Crow, Susan",,Macfarlane Burnet Institute for Medical Research & Public Health,['HIV infection']
Protection of Metallic Surfaces from Bulk to Nano Through Molecular-Level Innovation,2020,"Crudden, Cathleen",https://scholar.google.com/citations?user=V0qMwSkAAAAJ&hl=en,Queen's University,['Chemistry']
Protection of Metallic Surfaces from Bulk to Nano Through Molecular-Level Innovation,2020,"Crudden, Cathleen",,Queen's University,['Chemistry']
Inclusive Design for Employment Access (IDEA),2020,"Cukier, Wendy",,"Ted Rogers School of Management, Ryerson University","['innovation', 'technology', 'diversity and inclusion', 'discourse']"
CANSTOREnergy: Seasonal storage of renewable energy,2022,"Cumming, Rob",,"Emeritus Professor (Epidemiology) University of Sydney, Australia","[""ageing developing countries falls geriatric medicine men's health""]"
Ărramăt: Strengthening Health and Well-Being through Indigenous-Led Conservation and Sustainable Relationships with Biodiversity,2020,"Cunsolo, Ashlee",,"Founding Dean, School of Arctic & Subarctic Studies, Labrador Institute of Memorial University","['Climate Change', 'Health', 'Indigenous Health', 'Community-Based Participatory Research', 'Health Justice']"
The Next Frontier in Transplantation: Ex Vivo Strategies to Repair and Rebuild Organs,2020,"Cypel, Marcelo",,University of Toronto,"['Thoracic Surgery', 'Lung Transplantation']"
Repurposing Marine By-Products or raw Materials for the Development and Production of Functional Foods and Bioactives to Improve Human Health and Coastal Community Sustainability,2020,"DANA, Leo",,Professor of Entrepreneurship,"['Indigenous entrepreneurship', 'Canada', 'sustainable communities', 'small firms', 'wine']"
TRIDENT: TRanslational Initiative to DE-risk NeuroTherapeutics,2022,"Dagher, Alain",,McGill University,"['Functional brain Imaging', ""Parkinson's Disease"", 'Addiction', 'Obesity']"
Protection of Metallic Surfaces from Bulk to Nano Through Molecular-Level Innovation,2020,"Dancey, Janet",,Canadian Cancer Trials Group/Queen's University,['cancer']
Repurposing Marine By-Products or raw Materials for the Development and Production of Functional Foods and Bioactives to Improve Human Health and Coastal Community Sustainability,2020,"Dave, Deepika",,"Research Scientist, CASD, Memorial University of Newfoundland","['Bioprocessing', 'Environmental Eng', 'Energy']"
The Next Frontier in Transplantation: Ex Vivo Strategies to Repair and Rebuild Organs,2020,"Davidson, Alan",,University of Toronto,"['phage', 'SH3', 'CRISPR', 'pseudomonas', 'E. coli']"
The Next Frontier in Transplantation: Ex Vivo Strategies to Repair and Rebuild Organs,2020,"Davies, Jed",,Betty Irene Moore School of Nursing at UC Davis,"['HIV prevention', 'Forensic Nursing', 'Intimate Partner Violence', 'Sexual Assault']"
BIOSCAN: Tracing the Patterns of Life on a Changing Planet,2020,"Day, Andrew",,"Kingston Health Sciences Centre, Ontario Canada","['Biostatistics', 'clinical trials', 'epidemiology', 'intensive care']"
Mend the Gap: A Transformative Biomaterials Platform for Spinal Cord Repair,2020,"De Laporte, Laura",,DWI-Leibniz Institute for Interactive Materials,"['tissue engineering', 'polymers', 'hydrogels', 'microgels', 'microfluidics']"
The Next Frontier in Transplantation: Ex Vivo Strategies to Repair and Rebuild Organs,2020,"Dean, Terry",,"Dean and Professor of Management Science, Hull University Business School","['Management Science', 'Project Management', 'Operational Research']"
BIOSCAN: Tracing the Patterns of Life on a Changing Planet,2020,"Deiner, Kristy",,"Assistant Professor of Environmental DNA, ETH Zurich","['Biodiversity', 'Environmental DNA', 'eDNA', 'Conservation management', 'Phylogeography']"
Repurposing Marine By-Products or raw Materials for the Development and Production of Functional Foods and Bioactives to Improve Human Health and Coastal Community Sustainability,2020,"Del Buono, Nicoletta",,"Associate Professor of Numerical Analysis, University of Bari, Italy",['Numerical Analysis']
Ărramăt: Strengthening Health and Well-Being through Indigenous-Led Conservation and Sustainable Relationships with Biodiversity,2020,"Diallo, Aminata",,Professeur de mathématiques et physique,['relativité générale']
Abundant Intelligences: Expanding Artificial Intelligence through Indigenous Knowledge Systems,2022,"Diamond, Sara",,Diamond Foundry Inc,[]
Abundant Intelligences: Expanding Artificial Intelligence through Indigenous Knowledge Systems,2022,"Dumas, Guillaume",,"Associate Professor of Computational Psychiatry, University of Montreal","['Hyperscanning', 'Neurodynamics', 'Precision Psychiatry', 'Social AI', 'SciML']"
TRIDENT: TRanslational Initiative to DE-risk NeuroTherapeutics,2022,"Durcan, Thomas",,"The Neuro's Early Drug Discovery Unit (EDDU), McGill University","['stem cells', 'brain organoids', 'neurodegenerative disorders', 'assay development']"
BIOSCAN: Tracing the Patterns of Life on a Changing Planet,2020,"Ekrem, Torbjorn",,"Norwegian University of Science and Technology, NTNU University Museum","['systematic biology', 'taxonomy', 'phylogeny', 'biogeography', 'DNA barcoding']"
Ărramăt: Strengthening Health and Well-Being through Indigenous-Led Conservation and Sustainable Relationships with Biodiversity,2020,"Emery, Marla",,"Research Geographer, USDA Forest Service, Northern Research Station","['Geography', 'Political Ecology', 'Ethnobotany', 'Forestry']"
Enabling novel cardiac therapies with pluripotent stem cells,2022,"Epelman, Slava",,University Health Network,"['Macrophages', 'cardiac', 'dendritic cells']"
Repurposing Marine By-Products or raw Materials for the Development and Production of Functional Foods and Bioactives to Improve Human Health and Coastal Community Sustainability,2020,"Esposito, Flavia",,Università degli Studi di Bari Aldo Moro,"['numerical analysis', 'bioinformatics', 'data analysis', 'dimensionality reduction']"
TRIDENT: TRanslational Initiative to DE-risk NeuroTherapeutics,2022,"Everling, Stefan",,University of Western Ontario,['Neuroscience Marmosets Frontal Cortex fMRI electrophysiology']
Enabling novel cardiac therapies with pluripotent stem cells,2022,"Feinberg, Adam",,"Professor of Biomedical Engineering and Materials Science and Engineering, Carnegie Mellon","['Biomaterials', 'Tissue Engineering', 'Extracellular Matrix', 'Fibronectin', 'Cardiac']"
BIOSCAN: Tracing the Patterns of Life on a Changing Planet,2020,"Fieguth, Paul",,Systems Design Engineering,"['Image Processing', 'Random Fields', 'Computer Vision']"
TRIDENT: TRanslational Initiative to DE-risk NeuroTherapeutics,2022,"Finger, Elizabeth",,"Associate Professor of Neurology, Western University","['cognitive neurology', 'social cognition']"
TRIDENT: TRanslational Initiative to DE-risk NeuroTherapeutics,2022,"Fon, Edward",,"Montreal Neurological Institute, McGill University","['Neuroscience', ""Parkinson's disease""]"
BIOSCAN: Tracing the Patterns of Life on a Changing Planet,2020,"Fontanilla, Ian Kendrich",,"Professor of Biology, University of the Philippines, Diliman","['Molecular Phylogenetics', 'Malacology']"
Mend the Gap: A Transformative Biomaterials Platform for Spinal Cord Repair,2020,"Fouad, Karim",,University of Alberta,"['Neuroscience', 'neurotrauma', 'neuroplasticity', 'rehabilitative training', 'open data commons']"
Mend the Gap: A Transformative Biomaterials Platform for Spinal Cord Repair,2020,"Fournier, Alyson",,McGill University,['Neuroscience']
CANSTOREnergy: Seasonal storage of renewable energy,2022,"Franco, April",,"Professor of Economics, University of Toronto","['entrepreneurship', 'economics', 'teams', 'knowledge transfer', 'knowledge diffusion']"
Inclusive Design for Employment Access (IDEA),2020,"Fung, Francis",,"Professor of Radiation Oncology, Urology, and Medicine, University of California at San Francisco","['oncology', 'genomics', 'prostate cancer', 'cell signaling', 'radiation biology']"
Ărramăt: Strengthening Health and Well-Being through Indigenous-Led Conservation and Sustainable Relationships with Biodiversity,2020,"Furgal, Christopher",,"Associate Professor, Indigenous Environmental Studies, Trent University","['Environmental health', 'Indigenous health', 'risk assessment', 'management communication']"
Repurposing Marine By-Products or raw Materials for the Development and Production of Functional Foods and Bioactives to Improve Human Health and Coastal Community Sustainability,2020,"Galagedara, Lakshman",,Professor-Hydrology & Agrophysics,"['Near Surface Hydrology', 'Hydrogeophysics', 'Agrophysics', 'Modeling', 'Watershed and Water Resource Management']"
TRIDENT: TRanslational Initiative to DE-risk NeuroTherapeutics,2022,"Galea, Liisa",,"Treliving Family Chair in Women's Mental Health, Senior Scientist, Centre for Addiction and Mental",['neuroendocrinology']
Inclusive Design for Employment Access (IDEA),2020,"Gallant, Don",,"Don Bosco College, Tura, Meghalaya","['environmental economics', 'ecological economics', 'behavioural economics', 'gender economics']"
CANSTOREnergy: Seasonal storage of renewable energy,2022,"Galloway, Tracey",,University of Toronto,[]
Ărramăt: Strengthening Health and Well-Being through Indigenous-Led Conservation and Sustainable Relationships with Biodiversity,2020,"Gandiwa, Edson",,"Scientific Services, ZimParks","['Conservation', 'Ecology', 'Wildlife Management']"
Enabling novel cardiac therapies with pluripotent stem cells,2022,"Garton, Michael",,University of Toronto,"['Protein design', 'Cell design', 'Synthetic biology', 'Computational biology']"
Ărramăt: Strengthening Health and Well-Being through Indigenous-Led Conservation and Sustainable Relationships with Biodiversity,2020,"Gilbert, Gregor",,University of California Santa Cruz,"['Plant Disease Ecology', 'Tropical Ecology', 'Applied Evolutionary Ecology']"
The Next Frontier in Transplantation: Ex Vivo Strategies to Repair and Rebuild Organs,2020,"Gleason, Jim",,"Gleason Professor, Simon School, University of Rochester","['Corporate governance', 'economics of organization', 'corporate finance']"
Ărramăt: Strengthening Health and Well-Being through Indigenous-Led Conservation and Sustainable Relationships with Biodiversity,2020,"Goddard, Ellen",,"Research Scientist, SSAI / NASA Goddard Space Flight Center","['earth system science', 'applied science', 'public health']"
BIOSCAN: Tracing the Patterns of Life on a Changing Planet,2020,"Godfray, Charles",,Oxford University,"['Evolutionary ecology', 'population biology', 'food security']"
TRIDENT: TRanslational Initiative to DE-risk NeuroTherapeutics,2022,"Gold, E. Richard",,James McGill Professor,['Intellectual Property and Innovation']
Inclusive Design for Employment Access (IDEA),2020,"Gomez, Rafael",,"Associate Professor, MIT DMSE","['computational materials science', 'machine learning', 'inverse design', 'atomistic simulations']"
BIOSCAN: Tracing the Patterns of Life on a Changing Planet,2020,"Gonzalez, Andrew",,"Professor of Biology, McGill University","['biodiversity change', 'evolutionary rescue', 'mesoecology', 'connectivity conservation', 'sustainability']"
BIOSCAN: Tracing the Patterns of Life on a Changing Planet,2020,"Gonzalez, Mailyn",,"profesora de Física, Universidad Central ""Marta Abreu"" de Las Villas","['Didáctica de la Física', 'Metodología de la Investigación Educativa', 'Orientación Profesional']"
BIOSCAN: Tracing the Patterns of Life on a Changing Planet,2020,"Grabowski, Michał",,"Department of Invertebrate Zoology & Hydrobiology, University of Lodz, Poland","['evolutionary biology', 'zoology', 'biogeography', 'Amphipoda', 'speciation']"
Inclusive Design for Employment Access (IDEA),2020,"Graham, Ian",,University of Ottawa; Ottawa Hospital Research Institute,"['knowledge translation', 'practice guidelines', 'research use']"
BIOSCAN: Tracing the Patterns of Life on a Changing Planet,2020,"Green, Stephanie",,"Assistant Professor, University of Alberta","['Marine Conservation Biology', 'Climate Change', 'Invasive Species', 'Food Webs', 'Science Communication']"
Ărramăt: Strengthening Health and Well-Being through Indigenous-Led Conservation and Sustainable Relationships with Biodiversity,2020,"Guttorm, Hanna",,University of Helsinki,"['Indigenous ontologies and methodologies', 'decolonisation', 'sustainability and well-being', 'writing', 'post theories']"
Rare Isotopes to Transform Cancer Therapy,2022,"Guérin, Brigitte",,Université de Sherbrooke,['radiochemistry PET imaging']
Ărramăt: Strengthening Health and Well-Being through Indigenous-Led Conservation and Sustainable Relationships with Biodiversity,2020,"Gómez, Amaranta",,"Profesora de Fisiología Animal, Universidad de Los Andes","['Biología celular de Trypanosomatidios', 'Interacción de parásitos con sistema fibrinolítico']"
A pipeline approach for the rational design of neuronal lineage conversion approaches to treat neurological disorders,2022,"Götz, Magdalena",,"Professor, Department of Physiology, Development and Neuroscience",['Developmental Biology']
BIOSCAN: Tracing the Patterns of Life on a Changing Planet,2020,"Hajibabaei, Mehrdad",,"Professor, Department of Integrative Biology, University of Guelph","['evolutionary genomics', 'DNA barcoding', 'metabarcoding', 'environmental DNA', 'eDNA']"
Repurposing Marine By-Products or raw Materials for the Development and Production of Functional Foods and Bioactives to Improve Human Health and Coastal Community Sustainability,2020,"Hall, Heather",,Flinders University International Centre for Point-of-Care Testing (retired 28/2/19),['Point-of-Care Testing (especially in Indigenous People and for Cardiac Disease']
Mend the Gap: A Transformative Biomaterials Platform for Spinal Cord Repair,2020,"Hansen, Rick",,"Proffessor of Health Outcomes Research and Policy, Auburn University","['Pharmacoepidemiology', 'drug safety', 'adherence', 'outcomes', 'medication errors']"
Inclusive Design for Employment Access (IDEA),2020,"Harlos, Karen",,"University of Winnipeg, Professor (Full) and past Inaugural Chair, Department of Business","['organizational behaviour', 'workplace mistreatment', 'bullying', 'employee silence', 'employee voice']"
Ărramăt: Strengthening Health and Well-Being through Indigenous-Led Conservation and Sustainable Relationships with Biodiversity,2020,"Harper, Sherilee",,University of Alberta,[]
BIOSCAN: Tracing the Patterns of Life on a Changing Planet,2020,"Hausmann, Axel",,Bavarian State Collection of Zoology,"['Lepidoptera', 'Geometridae', 'DNA Barcoding']"
Repurposing Marine By-Products or raw Materials for the Development and Production of Functional Foods and Bioactives to Improve Human Health and Coastal Community Sustainability,2020,"Hawboldt, Kelly",,Memorial University,"['green processing of natural resources', 'waste to bioproducts']"
BIOSCAN: Tracing the Patterns of Life on a Changing Planet,2020,"Hebert, Paul",https://scholar.google.com/citations?user=VScbxfoAAAAJ&hl=en,"Director, Centre for Biodiversity Genomics, University of Guelph","['Biodiversity Science', 'Evolution', 'Genetics', 'Ecology', 'DNA barcoding']"
BIOSCAN: Tracing the Patterns of Life on a Changing Planet,2020,"Hebert, Paul",,"Director, Centre for Biodiversity Genomics, University of Guelph","['Biodiversity Science', 'Evolution', 'Genetics', 'Ecology', 'DNA barcoding']"
Protection of Metallic Surfaces from Bulk to Nano Through Molecular-Level Innovation,2020,"Hedberg, Yolanda",,"Assistant Professor, Department of Chemistry, University of Western Ontario","['corrosion', 'toxicity', 'surface chemistry', 'metal allergy', 'contact dermatitis']"
Protection of Metallic Surfaces from Bulk to Nano Through Molecular-Level Innovation,2020,"Heldebrant, David",,"Laboratory Fellow, Pacific Northwest National Laboratory, ACS Fellow","['CO2 capture', 'CO2 utilization', 'catalysis']"
BIOSCAN: Tracing the Patterns of Life on a Changing Planet,2020,"Hendriks, Elizabeth",,"Assistant Professor, Social Work, Utah Valley University","['Social work education', 'vicarious trauma', 'vicarious resilience']"
CANSTOREnergy: Seasonal storage of renewable energy,2022,"Higgins, Drew",,"Assistant Professor, McMaster University","['Fuel cells', 'electrochemistry', 'oxygen reduction', 'carbon dioxide reduction']"
Rare Isotopes to Transform Cancer Therapy,2022,"Hoehr, Cornelia",,TRIUMF,"['medical physics', 'PET', 'radiotherapy']"
BIOSCAN: Tracing the Patterns of Life on a Changing Planet,2020,"Hogg, Ian",,"University of Waikato, Polar Knowledge Canada","['polar biology', 'aquatic ecology', 'biodiversity', 'population genetics']"
Protection of Metallic Surfaces from Bulk to Nano Through Molecular-Level Innovation,2020,"Holdcroft, Steven",,"Simon Fraser University, Department of Chemistry",['Electrochemical Materials']
BIOSCAN: Tracing the Patterns of Life on a Changing Planet,2020,"Hollingsworth, Peter",,University of Manchester,"['Aerospace Engineering', 'Value-Driven Design', 'Aircraft Design', 'Aviaiton Environmental Impact', 'Unmanned Aerospace Systems']"
CANSTOREnergy: Seasonal storage of renewable energy,2022,"Holmes, Geoff",,University of Waikato,"['machine learning', 'data streams']"
Ărramăt: Strengthening Health and Well-Being through Indigenous-Led Conservation and Sustainable Relationships with Biodiversity,2020,"Humphries, Murray",,"Natural Resource Sciences, McGill Univesity","['Wildlife Biology', 'Traditional Food Security']"
Ărramăt: Strengthening Health and Well-Being through Indigenous-Led Conservation and Sustainable Relationships with Biodiversity,2020,"Huntington, Henry",,Huntington Consulting,"['Arctic', 'conservation', 'Indigenous peoples', 'marine mammals', 'sea ice']"
Enabling novel cardiac therapies with pluripotent stem cells,2022,"Husain, Mansoor",,"Ted Rogers Centre for Heart Research, Toronto General Hospital Research Institute, U of Toronto","['Cardiovascular Medicine', 'Vascular Biology', 'Heart Failure']"
TRIDENT: TRanslational Initiative to DE-risk NeuroTherapeutics,2022,"Hutchison, Matthew",,"Associate Director, Biomarkers, Biogen","['Neuroimaging', 'Drug development', 'Neurodegenerative diseases', 'Comparative biology', 'Brain network dynamics']"
A pipeline approach for the rational design of neuronal lineage conversion approaches to treat neurological disorders,2022,"Hynynen, Kullervo",,"Professor of Medical Biophysics, University of Toronto","['Biomedical Ultrasound', 'Ultrasound', 'HIFU', 'MRI. Imaging']"
Abundant Intelligences: Expanding Artificial Intelligence through Indigenous Knowledge Systems,2022,"Igloliorte, Heather",,"Associate Professor, Concordia University","['Inuit', 'Arctic', 'Art History', 'Colonization', 'Circumpolar']"
Mend the Gap: A Transformative Biomaterials Platform for Spinal Cord Repair,2020,"Illes, Judy",,University of British Columbia,"['Neuroethics Canada', 'Division of Neurology', 'Department of Medicine']"
TRIDENT: TRanslational Initiative to DE-risk NeuroTherapeutics,2022,"Ireland, Scott",,"MIRACL Labs, Dublin, Ireland",['Cryptography']
Protection of Metallic Surfaces from Bulk to Nano Through Molecular-Level Innovation,2020,"Irish, Jonathan",,"University College Cork, Ireland","['Neuropharmacology', 'stress', 'neurogastroenterology', 'microbiome', 'psychopharmacology']"
Inclusive Design for Employment Access (IDEA),2020,"Irvin, Emma",,"Postdoctoral Scholar, University of California Irvine","['Diabetic retinopathy', 'Neutrophils', 'Extracellular vesicles']"
The Next Frontier in Transplantation: Ex Vivo Strategies to Repair and Rebuild Organs,2020,"Jaeckel, Elmar",,Medizinische Hochschule Hannover,"['Immunologie', 'Gastroenterologie', 'Transplantation']"
BIOSCAN: Tracing the Patterns of Life on a Changing Planet,2020,"Janion-Scheepers, Charlene",,"Lecturer, University of Cape Town, South Africa","['beta diversity', 'Collembola', 'taxonomy', 'soil fauna diversity', 'soil ecology']"
BIOSCAN: Tracing the Patterns of Life on a Changing Planet,2020,"Janzen, Daniel",,Professor of Biology; Thomas G. and Louise E. DiMaura Term Chair  at University of Pennsylvania,['ecology and biodiversity of ecosystems']
Abundant Intelligences: Expanding Artificial Intelligence through Indigenous Knowledge Systems,2022,"Jerbi, Karim",,"Computational and Cognitive Neuroscience Lab (CoCo Lab), University of Montreal, QC, Canada","['Cognitive Neuroscience', 'Artificial Intelligence', 'Large-scale Brain Dynamics', 'States of Consciousness', 'Creativity']"
Inclusive Design for Employment Access (IDEA),2020,"Jetha, Arif",,"Scientist, Institute for Work and Health","['Work and health', 'Public health', 'Systems thinking', 'Future of work', 'Social determinants of health']"
Ărramăt: Strengthening Health and Well-Being through Indigenous-Led Conservation and Sustainable Relationships with Biodiversity,2020,"Jones, Carwyn",,"Pūkenga Matua (Lead Academic), Te Wānanga o Raukawa; Honorary Adjunct Professor, Victoria University","['Indigenous Law', 'Māori Law', 'Treaty of Waitangi']"
Ărramăt: Strengthening Health and Well-Being through Indigenous-Led Conservation and Sustainable Relationships with Biodiversity,2020,"Joseph, Serena",,"Centro de Información Tecnológica (CIT), La Serena-Chile","['thermodynamics', 'process simulation', 'fluid properties', 'ionic liquids']"
The Next Frontier in Transplantation: Ex Vivo Strategies to Repair and Rebuild Organs,2020,"Juvet, Stephen",,"Assistant Professor of Medicine, University of Toronto","['Immunology', 'lung transplantation', 'immunological tolerance', 'chronic lung allograft rejection']"
BIOSCAN: Tracing the Patterns of Life on a Changing Planet,2020,"Kari, Lila",,"Professor of Computer Science, University of Waterloo, Canada","['Theoretical computer science', 'DNA computing', 'Formal languages & Automata', 'Biodiversity informatics']"
Enabling novel cardiac therapies with pluripotent stem cells,2022,"Keller, Gordon",,"Gordon Keller Lab, UHN","['iPS', 'bile duct', 'liver', 'pancreas', 'cystic fibrosis']"
The Next Frontier in Transplantation: Ex Vivo Strategies to Repair and Rebuild Organs,2020,"Keshavjee, Shaf",https://scholar.google.ca/citations?user=vGPoLZQAAAAJ&hl=en,"Doctors of Thoracic Surgery, Toronto General Hospital, UHN","['thoracic surgery', 'lung transplant', 'lung cancer']"
The Next Frontier in Transplantation: Ex Vivo Strategies to Repair and Rebuild Organs,2020,"Keshavjee, Shaf",,"Doctors of Thoracic Surgery, Toronto General Hospital, UHN","['thoracic surgery', 'lung transplant', 'lung cancer']"
BIOSCAN: Tracing the Patterns of Life on a Changing Planet,2020,"Keskin, Emre",,"Director of Evolutionary Genetics Laboratory, Ankara University","['Environmental DNA', 'Metagenomics', 'Phylogenetics', 'Molecular Ecology', 'Metabarcoding']"
TRIDENT: TRanslational Initiative to DE-risk NeuroTherapeutics,2022,"Khan, Ali",,Assistant Professor of Environmental Science,['Biogeochemistry of Trace Elements']
The Next Frontier in Transplantation: Ex Vivo Strategies to Repair and Rebuild Organs,2020,"Kim, Joseph",,McMaster University,[]
Enabling novel cardiac therapies with pluripotent stem cells,2022,"Kimmelman, Jonathan",,"Biomedical Ethics, McGill University","['Bioethics', 'ethics', 'clinical trials', 'risk', 'drug development']"
Ărramăt: Strengthening Health and Well-Being through Indigenous-Led Conservation and Sustainable Relationships with Biodiversity,2020,"Kirmayer, Laurence",,"James McGill Professor & Director, Division of Social & Transcultural Psychiatry, McGill University","['cultural psychiatry', 'medical anthropology', 'psychological anthropology', 'philosophy of psychiatry']"
The Next Frontier in Transplantation: Ex Vivo Strategies to Repair and Rebuild Organs,2020,"Kleinstiver, Benjamin",,"Assistant Professor, Massachusetts General Hospital; Assistant Professor, Harvard Medical School","['Genome Engineering', 'CRISPR', 'Protein Engineering', 'Genetic Medicines', 'Biochemistry']"
Mend the Gap: A Transformative Biomaterials Platform for Spinal Cord Repair,2020,"Ko, Frank",,University of British Columbia,"['nanofiber technology', 'composites', 'textiles', 'electrospinning', 'sensor']"
Rare Isotopes to Transform Cancer Therapy,2022,"Koester, Ulli",,Professor University of Kiel,"['economics', 'agricultural economics']"
Ărramăt: Strengthening Health and Well-Being through Indigenous-Led Conservation and Sustainable Relationships with Biodiversity,2020,"Kolopenuk, Jessica",,"Assistant Professor & AHS Chair in Indigenous Health, University of Alberta","['Indigeneity', 'colonialism', 'power', 'biotechnology', 'Indigenous STS']"
Protection of Metallic Surfaces from Bulk to Nano Through Molecular-Level Innovation,2020,"Koritzinsky, Marianne",,University of Toronto,"['tumor hypoxia', 'protein folding']"
Inclusive Design for Employment Access (IDEA),2020,"Kristman, Vicki",,"EPID@Work Research Institute and Dept of Health Sciences, Lakehead University","['work injury and disability prevention', 'workplace mental health', 'mild traumatic brain injury', 'equity', 'diversity and inclusion']"
The Next Frontier in Transplantation: Ex Vivo Strategies to Repair and Rebuild Organs,2020,"Kumar, Deepali",,University Health Network,['transplant']
A pipeline approach for the rational design of neuronal lineage conversion approaches to treat neurological disorders,2022,"Kurrasch, Deborah",,"Professor of Medical Genetics, University of Calgary","['developmental neuroscience', 'epilepsy drug discovery', 'psychedelic neurobiology']"
Ărramăt: Strengthening Health and Well-Being through Indigenous-Led Conservation and Sustainable Relationships with Biodiversity,2020,"Kutz, Susan",,"Professor, Ecosystem and Public Health, Faculty of Veterinary Medicine, University of Calgary","['wildlife disease', 'Parasitology', 'Arctic', 'climate change', 'community-based monitoring']"
Abundant Intelligences: Expanding Artificial Intelligence through Indigenous Knowledge Systems,2022,"Kuwada, Bryan",,"Professor of Moʻolelo ʻŌiwi, UH-Mānoa","['translation', 'digital media', 'Hawaiian studies', 'Indigenous Studies', 'literature']"
Mend the Gap: A Transformative Biomaterials Platform for Spinal Cord Repair,2020,"Kwon, Brian",,UBC,"['Spinal surgery', 'spinal cord injury', 'neuroscience']"
Inclusive Design for Employment Access (IDEA),2020,"Laberge, Marie",,CHU Sainte-Justine,"['genetics', 'public health', 'ethics']"
Abundant Intelligences: Expanding Artificial Intelligence through Indigenous Knowledge Systems,2022,"Ladner, Kiera",,"Professor of Political Science, University of Manitoba","['Indigenous Politics', 'Canadian Politics', 'Federalism', 'Constitutional Law and Politics']"
Ărramăt: Strengthening Health and Well-Being through Indigenous-Led Conservation and Sustainable Relationships with Biodiversity,2020,"Lafferty, George",,Western Sydney University,"['Work', 'political theory']"
Enabling novel cardiac therapies with pluripotent stem cells,2022,"Laflamme, Michael",https://scholar.google.ca/citations?user=ZmBHYvgAAAAJ&hl=en,University Health Network,[]
Ărramăt: Strengthening Health and Well-Being through Indigenous-Led Conservation and Sustainable Relationships with Biodiversity,2020,"Lam, Jen",,Lam Research; California Institute of Technology,"['renewable energy', 'thermoelectrics', 'nanotechnology', 'organic light emitting diode']"
Ărramăt: Strengthening Health and Well-Being through Indigenous-Led Conservation and Sustainable Relationships with Biodiversity,2020,"Lantz, Trevor",,"Associate Professor, University of Victoria","['Global Change Ecology', 'Biogeography', 'Plant Ecology']"
Mend the Gap: A Transformative Biomaterials Platform for Spinal Cord Repair,2020,"Laule, Cornelia",,University of British Columbia,"['quantitative MRI', 'multiple sclerosis', 'MRI-histology correlation']"
BIOSCAN: Tracing the Patterns of Life on a Changing Planet,2020,"Layton, Kara",,University of Aberdeen,"['marine biology', 'biodiversity genomics', 'molecular ecology', 'phylogenetics']"
The Next Frontier in Transplantation: Ex Vivo Strategies to Repair and Rebuild Organs,2020,"Lee, Sharon",,University of Queensland,"['Statistics', 'Classification', 'Mixture modelling', 'Skew distributions']"
BIOSCAN: Tracing the Patterns of Life on a Changing Planet,2020,"Leese, Florian",,"University of Duisburg-Essen, Full Professor in Aquatic Ecosystem Research","['Biodiversity', 'eDNA', 'Freshwater', 'Invertebrates', 'Monitoring']"
Abundant Intelligences: Expanding Artificial Intelligence through Indigenous Knowledge Systems,2022,"Leigh, Jason",,"Professor of Computer Science, University of Hawaiʻi at Mānoa, and University of Illinois at Chicago","['Visualization', 'Virtual Reality', 'Computer Graphics', 'Video Game', 'Human Augmentics']"
Protection of Metallic Surfaces from Bulk to Nano Through Molecular-Level Innovation,2020,"Levasseur, Annie",,"Professor, École de technologie supérieure","['Life cycle assessment', 'Carbon footprint', 'Global warming', 'Biomass']"
Abundant Intelligences: Expanding Artificial Intelligence through Indigenous Knowledge Systems,2022,"Levesque, Maroussia",,"Harvard Law School, Berkman Klein Center for Internet & Society","['artificial intelligence', 'governance', 'algorithmic bias', 'surveillance']"
Abundant Intelligences: Expanding Artificial Intelligence through Indigenous Knowledge Systems,2022,"Lewis, Jason",https://scholar.google.com/citations?user=Yd-pXcoAAAAJ&hl=en,"Prof. of Design and Computation Arts, Concordia University","['typography', 'interactive art', 'critical AI', 'Indigenous media', 'computational media theory']"
Abundant Intelligences: Expanding Artificial Intelligence through Indigenous Knowledge Systems,2022,"Lewis, Jason",,MSKCC,"['Radiochemistry', 'Radiopharmaceuticals', 'Molecular Imaging', 'Theranostics', 'Imaging']"
CANSTOREnergy: Seasonal storage of renewable energy,2022,"Li, Fengwang",,University of Sydney,"['electrochemistry', 'electrocatalysis', 'CO2 electrolysis', 'renewable fuels']"
Rare Isotopes to Transform Cancer Therapy,2022,"Lin, Kuo-Shyan",,BC Cancer Agency,['Radiopharmaceutical Chemistry']
BIOSCAN: Tracing the Patterns of Life on a Changing Planet,2020,"Lindo, Zoe",,University of Western Ontario,"['biodiversity', 'soil systems', 'community ecology', 'ecosystem ecology']"
BIOSCAN: Tracing the Patterns of Life on a Changing Planet,2020,"Lipinskaya, Tatsiana",,Scientific and Practical center for Bioresources,"['hydrobiology', 'ecology', 'macrozoobenthos', 'invasive alien species', 'DNA barcoding']"
BIOSCAN: Tracing the Patterns of Life on a Changing Planet,2020,"Liu, Chenxi",,"Research Scientist, Google DeepMind","['Computer Vision', 'Natural Language Processing']"
The Next Frontier in Transplantation: Ex Vivo Strategies to Repair and Rebuild Organs,2020,"Liu, Mingyao",,"Professor of Cell Biology, East China Normal University","['Cell and Molecular Biology', 'Gene Editing', 'Cell  Therapy', 'Pharmacology']"
TRIDENT: TRanslational Initiative to DE-risk NeuroTherapeutics,2022,"Longo, Frank",,"Professor of Neurology, Stanford University",['neurodegenerative disease']
Ărramăt: Strengthening Health and Well-Being through Indigenous-Led Conservation and Sustainable Relationships with Biodiversity,2020,"Lord, Sarah",,"NHMRC Clinical Trials Centre, The University of Sydney","['epidemiology', 'medical tests', 'prognosis']"
Ărramăt: Strengthening Health and Well-Being through Indigenous-Led Conservation and Sustainable Relationships with Biodiversity,2020,"Low, Mike",,"Dept. of Astrophysics, American Museum of Natural History","['Star Formation', 'Planet Formation', 'Interstellar Medium Structure', 'Galaxy Evolution']"
Rare Isotopes to Transform Cancer Therapy,2022,"Luyt, Leonard",,University of Western Ontario,"['Medicinal chemistry', 'peptide chemistry', 'radiochemistry']"
Inclusive Design for Employment Access (IDEA),2020,"MacDonald, Michael",,Unknown affiliation,"['neuroscience', 'behavior', 'psychology', 'neurology', 'psychiatry']"
TRIDENT: TRanslational Initiative to DE-risk NeuroTherapeutics,2022,"MacDonald, Penny",,"Brain and Mind Institute, University of Western Ontario","['Cognition', 'Movement Disorders']"
Mend the Gap: A Transformative Biomaterials Platform for Spinal Cord Repair,2020,"MacLachlan, Mark",,"Department of Chemistry, University of British Columbia","['materials chemistry', 'inorganic chemistry', 'supramolecular chemistry', 'cellulose nanocrystals', 'macrocycles']"
CANSTOREnergy: Seasonal storage of renewable energy,2022,"MacLean, Heather",,"Professor of Civil and Mineral Engineering, University of Toronto","['biofuels', 'life cycle assessment', 'oil sands', 'energy', 'automobiles']"
Repurposing Marine By-Products or raw Materials for the Development and Production of Functional Foods and Bioactives to Improve Human Health and Coastal Community Sustainability,2020,"MacQuarrie, Stephanie",,"Clinical Trial Coordinator, Macquarie University","['dementia', ""Alzheimer's disease"", 'neurodegeneration', 'public health']"
Mend the Gap: A Transformative Biomaterials Platform for Spinal Cord Repair,2020,"Madden, John",https://scholar.google.ca/citations?user=SOkJC3MAAAAJ&hl=en,"Electrical and Computer Engineering, University of British Columbia, V6T 1Z4","['artificial muscle', 'piezoionics', 'soft sensors', 'electroactive polymers', 'smart materials']"
Mend the Gap: A Transformative Biomaterials Platform for Spinal Cord Repair,2020,"Madden, John",,"Electrical and Computer Engineering, University of British Columbia, V6T 1Z4","['artificial muscle', 'piezoionics', 'soft sensors', 'electroactive polymers', 'smart materials']"
Mend the Gap: A Transformative Biomaterials Platform for Spinal Cord Repair,2020,"Maine, Elicia",,"Professor, Simon Fraser University","['innovation', 'entrepreneurship', 'technology commercialization', 'academic entrepreneurship', 'innovation management']"
Inclusive Design for Employment Access (IDEA),2020,"Maisel, Jordana",,University at Buffalo,"['universal design', 'aging', 'urban planning', 'transportation', 'built environment']"
Ărramăt: Strengthening Health and Well-Being through Indigenous-Led Conservation and Sustainable Relationships with Biodiversity,2020,"Malinen, Sanna",,Associate Professor in HRM and OB,"['Organizational Psychology and Behaviour', 'HRM', 'Wellbeing (employee and community)']"
Inclusive Design for Employment Access (IDEA),2020,"Maria, Ash",,"Dept. Biol. Sci., University of Illinois at Chicago","['Molecular ecology', 'conservation genetics', 'mating systems']"
Inclusive Design for Employment Access (IDEA),2020,"Marshall, Carrie Anne",,"Assistant Professor, University of Western Ontario; Associate Researcher, Providence Care Hospital","['Mental Health', 'Homelessness', 'Poverty', 'Social Determinants of Health', 'Psychsocial Health']"
The Next Frontier in Transplantation: Ex Vivo Strategies to Repair and Rebuild Organs,2020,"Marshall, Craig",,University of Otago,"['Cold adaptation', 'ecological adaptation', 'antarctic marine organisms', 'antarctic terrestrial organisms', 'cadmium in marine organisms']"
The Next Frontier in Transplantation: Ex Vivo Strategies to Repair and Rebuild Organs,2020,"Martinu, Tereza",,"CSIC, Centro de Ciencias Humanas y Sociales",['Demography']
Protection of Metallic Surfaces from Bulk to Nano Through Molecular-Level Innovation,2020,"Mauzeroll, Janine",,"Professor in the Chemistry Department, McGill University","['Electrochemistry', 'Corrosion', 'Battery Material', 'Multidrug Resistance', 'Cancer']"
Enabling novel cardiac therapies with pluripotent stem cells,2022,"May, Michael",,"Associate Professor, University of Pennsylvania",['Inflammation and Immunity']
The Next Frontier in Transplantation: Ex Vivo Strategies to Repair and Rebuild Organs,2020,"May, Michael",,"Associate Professor, University of Pennsylvania",['Inflammation and Immunity']
Protection of Metallic Surfaces from Bulk to Nano Through Molecular-Level Innovation,2020,"Mayall, Robert",,"University of Calgary, FREDsense Technologies","['Electrochemistry', 'Sensors', 'Biosecurity', 'Environmental Monitoring', 'Synthetic Biology']"
A pipeline approach for the rational design of neuronal lineage conversion approaches to treat neurological disorders,2022,"McAiney, Carrie",,"Associate Professor, McMaster University","['dementia', 'long-term care', 'mental health']"
Mend the Gap: A Transformative Biomaterials Platform for Spinal Cord Repair,2020,"McBride, Chris",,The University of Waikato,"['Water quality', 'biogeochemical modelling', 'high-frequency monitoring']"
BIOSCAN: Tracing the Patterns of Life on a Changing Planet,2020,"McDivitt, Tina",,"President, Spindle Strategy Corp.","['business of science', 'science strategy', 'research enterprise management', 'knowledge-based economic development', 'knowledge mobilization and translation']"
The Next Frontier in Transplantation: Ex Vivo Strategies to Repair and Rebuild Organs,2020,"McGill, Iain",,McGill University,"['epidemiology', 'sport medicine', 'injury', 'evidence synthesis', 'causal inference']"
Protection of Metallic Surfaces from Bulk to Nano Through Molecular-Level Innovation,2020,"McGraw, John",,McGraw Hill Education,"['Machine Learning', 'Learning Analytics', 'MOOCs', 'Replication', 'Affective Computing']"
Protection of Metallic Surfaces from Bulk to Nano Through Molecular-Level Innovation,2020,"McGuiness, Christine",,"Martin Luther University Halle-Wittenberg, Institute for Geosciences and Geographie","['Integrated land-use planning', 'Participatory planning', 'Impact Assessment', 'Socia-Ecological Systems and Frameworks', 'Land System Sc']"
BIOSCAN: Tracing the Patterns of Life on a Changing Planet,2020,"McIlwraith, Thomas",,"Associate Professor of Anthropology, University of Guelph","['Cultural Anthropology', 'Indigenous Peoples', 'Canada', 'Ethnography', 'settler colonialism']"
Abundant Intelligences: Expanding Artificial Intelligence through Indigenous Knowledge Systems,2022,"McKelvey, Fenwick",,"Associate Professor of Communication Studies, Concordia University","['Communication Studies', 'Digital Politics', 'Software Studies', 'Internet Infrastructure']"
Ărramăt: Strengthening Health and Well-Being through Indigenous-Led Conservation and Sustainable Relationships with Biodiversity,2020,"McKenzie, Debbie",,University of Alberta,"['prion disease', 'chronic wasting disease', 'muscle aging', 'mtDNA deletions']"
A pipeline approach for the rational design of neuronal lineage conversion approaches to treat neurological disorders,2022,"McLaurin, JoAnne",,Sunnybrook Research Institute,"[""Alzheimer's disease"", 'Multiple Sclerosis']"
Protection of Metallic Surfaces from Bulk to Nano Through Molecular-Level Innovation,2020,"McLean, Alastair",,"Professor of Physics, Queen's University","['Materials Science', 'Self-assembly', 'Scanning Tunneling Microscopy', 'Atomic Force Microscopy']"
Ărramăt: Strengthening Health and Well-Being through Indigenous-Led Conservation and Sustainable Relationships with Biodiversity,2020,"Meinzen-Dick, Ruth",,International Food Policy Research Institute,"['Development', 'Water resources', 'Natural resources', 'Agriculture', 'Gender']"
Ărramăt: Strengthening Health and Well-Being through Indigenous-Led Conservation and Sustainable Relationships with Biodiversity,2020,"Melgar-Quinonez, Hugo",,McGill University,"['Food Security', 'Public Health Nutrition']"
TRIDENT: TRanslational Initiative to DE-risk NeuroTherapeutics,2022,"Menon, Ravi",https://scholar.google.com/citations?user=1JrrurIAAAAJ&hl=en,The University of Western Ontario,"['Neuroscience', 'Neuroimaging', 'fMRI', 'magnetic resonance imaging']"
TRIDENT: TRanslational Initiative to DE-risk NeuroTherapeutics,2022,"Menon, Ravi",,The University of Western Ontario,"['Neuroscience', 'Neuroimaging', 'fMRI', 'magnetic resonance imaging']"
BIOSCAN: Tracing the Patterns of Life on a Changing Planet,2020,"Miller, Joseph",,Global Biodiversity Information Facility,"['molecular systematics and biogeography', 'visualizations']"
Repurposing Marine By-Products or raw Materials for the Development and Production of Functional Foods and Bioactives to Improve Human Health and Coastal Community Sustainability,2020,"Miyawaki, Atsushi",,"Senior Assistant Professor, University of Tokyo","['Quality of care', 'Health care disparities', 'Physician behavior', 'Physician work-life balance', 'Long-term care']"
Inclusive Design for Employment Access (IDEA),2020,"Moll, Sandra",,"Associate Professor, McMaster University","['Mental Health', 'Work', 'Qualitative research', 'Health promotion']"
Ărramăt: Strengthening Health and Well-Being through Indigenous-Led Conservation and Sustainable Relationships with Biodiversity,2020,"Moola, Faisal",,"Associate Professor, University of Guelph","['conservation policy', 'forest management', 'ethnoecology']"
Ărramăt: Strengthening Health and Well-Being through Indigenous-Led Conservation and Sustainable Relationships with Biodiversity,2022,"Moola, Faizal",,"Associate Professor, University of Guelph","['conservation policy', 'forest management', 'ethnoecology']"
Protection of Metallic Surfaces from Bulk to Nano Through Molecular-Level Innovation,2020,"Moran, Kate",,Profesora de Psicología Aplicada en la Facultad de Odontolog+ia- Universidad de Guayaquil,"['Psicologia del desarrollo', 'psicología forense', 'psicoterapia de pareja']"
Protection of Metallic Surfaces from Bulk to Nano Through Molecular-Level Innovation,2020,"Moreau, Christian",,Concordia University,"['thermally sprayed coatings', 'optical diagnostics', 'structure/property relationship']"
Inclusive Design for Employment Access (IDEA),2020,"Moser, Cindy",,Assistant Professor Massachusetts General Hospital Institute of Health Professions; Assistant Course,['Healthcare Simulation']
Abundant Intelligences: Expanding Artificial Intelligence through Indigenous Knowledge Systems,2022,"Muller, Eilif",,"University of Montreal, CHU Ste-Justine Research Center, Quebec Artificial Intelligence Institute","['neocortex', 'perceptual learning', 'plasticity', 'deep learning']"
TRIDENT: TRanslational Initiative to DE-risk NeuroTherapeutics,2022,"Munoz, Douglas",,"Professor, Canada Research Chair in Neuroscience, Queen's University","['neuroscience', 'eye movements', 'pupil modulation', 'neurological and neuropsychiatric disorders']"
Ărramăt: Strengthening Health and Well-Being through Indigenous-Led Conservation and Sustainable Relationships with Biodiversity,2020,"Nayak, Prateep",,Associate Professor and Associate Director of Graduate Studies,"['School of Environment', 'Enterprise and Development', 'University of Waterloo']"
A pipeline approach for the rational design of neuronal lineage conversion approaches to treat neurological disorders,2022,"Near, James",,"The Citadel, Lt Col James B Near, Jr, USAF, '77 Center for Climate Studies",['climate']
CANSTOREnergy: Seasonal storage of renewable energy,2022,"Neville, Kate",,"Associate Professor, Political Science & School of the Environment, University of Toronto","['global environmental politics', 'energy', 'water', 'contentious politics', 'activism']"
Repurposing Marine By-Products or raw Materials for the Development and Production of Functional Foods and Bioactives to Improve Human Health and Coastal Community Sustainability,2020,"Newell, William",,"PhD student, Imperial College London",['metabolic engineering']
Protection of Metallic Surfaces from Bulk to Nano Through Molecular-Level Innovation,2020,"Nielson, Kent",,"Prof. Uppsala University, Mälardalens University, Region Västmanland","['Psychiatry', 'gene-environment interaction', 'Public Health']"
Inclusive Design for Employment Access (IDEA),2020,"Nord, Leah",,Enseignante à l'Université Sorbonne Paris Nord / Chercheuse associée au Cerlis,"['Travail social', 'monde associatif', 'jeunesse', 'urbain', 'inégalités']"
Protection of Metallic Surfaces from Bulk to Nano Through Molecular-Level Innovation,2020,"Noël, James",,The University of Western Ontario,"['Corrosion', 'electrochemistry']"
Ărramăt: Strengthening Health and Well-Being through Indigenous-Led Conservation and Sustainable Relationships with Biodiversity,2020,"O'Neil, John",,"Professor, Simon Fraser University","['medical anthropology', 'aboriginal health', 'sex workers', 'India']"
A pipeline approach for the rational design of neuronal lineage conversion approaches to treat neurological disorders,2022,"Ogbogu, Ubaka",,"Professor, Faculty of Law, University of Alberta","['Health Law', 'Science Policy', 'Bioethics', 'Biomedical and Biotechnology Law']"
BIOSCAN: Tracing the Patterns of Life on a Changing Planet,2020,"Oliveira, Guilherme",,Instituto Tecnológico Vale,"['bioinformatics', 'computational biology', 'biodiversity', 'DNA barcodes', 'metagenomics']"
Rare Isotopes to Transform Cancer Therapy,2022,"Ooms, Maarten",,Unknown affiliation,"['radiopharmaceuticals', 'Targeted Radionuclide Therapy']"
BIOSCAN: Tracing the Patterns of Life on a Changing Planet,2020,"Ovaskainen, Otso",,University of Jyväskylä,['Statistical Ecology']
TRIDENT: TRanslational Initiative to DE-risk NeuroTherapeutics,2022,"Owen, Adrian",,University of Western Ontario,"['Consciousness', 'Vegetative State', 'Cognition', 'Brain Imaging', 'Neuropsychology']"
BIOSCAN: Tracing the Patterns of Life on a Changing Planet,2020,"Ozdemiroglu, Ece",,Alanya Alaaddin Keykubat University Training and Research Hospital,"['neurology', 'cognition', 'dementia', 'headache']"
BIOSCAN: Tracing the Patterns of Life on a Changing Planet,2020,"Ozsu, M. Tamer",,"University Professor, University of Waterloo","['Database systems', 'Distributed systems']"
BIOSCAN: Tracing the Patterns of Life on a Changing Planet,2020,"Packer, Laurence",,York University,['Entomology']
CANSTOREnergy: Seasonal storage of renewable energy,2022,"Papineau, Maya",,"Associate Professor of Economics, Carleton University",['Environmental and Resource Economics']
The Next Frontier in Transplantation: Ex Vivo Strategies to Repair and Rebuild Organs,2020,"Parent, Brendan",,"Assistant professor of medical ethics, NYU Grossman School of Medicine","['bioethics', 'medical ethics', 'transplant', 'artificial intelligence', 'gender dysphoria']"
Abundant Intelligences: Expanding Artificial Intelligence through Indigenous Knowledge Systems,2022,"Parker Jones, Oiwi",,"Applied Artificial Intelligence and Clinical Neurosciences, University of Oxford","['AI', 'Neuroscience', 'Deep Learning', 'Speech Recognition', 'Language Documentation']"
Ărramăt: Strengthening Health and Well-Being through Indigenous-Led Conservation and Sustainable Relationships with Biodiversity,2020,"Parkins, John",,"Senior Scientist, Hospital for Sick Children","['Computational Systems Biology', 'Microbiome', 'Infectious Diseases', 'Parasite Genomics']"
Ărramăt: Strengthening Health and Well-Being through Indigenous-Led Conservation and Sustainable Relationships with Biodiversity,2020,"Parlee, Brenda",https://scholar.google.ca/citations?user=QRcU4-cAAAAJ&hl=en,"Professor, Dept of Resource Economics and Environmental Sociology","['community-based resource management', 'biodiversity', 'well-being', 'Indigenous Knowledge']"
Ărramăt: Strengthening Health and Well-Being through Indigenous-Led Conservation and Sustainable Relationships with Biodiversity,2020,"Parlee, Brenda",,"Professor, Dept of Resource Economics and Environmental Sociology","['community-based resource management', 'biodiversity', 'well-being', 'Indigenous Knowledge']"
Repurposing Marine By-Products or raw Materials for the Development and Production of Functional Foods and Bioactives to Improve Human Health and Coastal Community Sustainability,2020,"Parrish, Christopher",,Professor,['Lipids']
BIOSCAN: Tracing the Patterns of Life on a Changing Planet,2020,"Pawlowski, Jan",,"Institute of Oceanology, Polish Academy of Sciences","['Biodiversity', 'Phylogeny', 'Systematics', 'DNA barcoding', 'eDNA metabarcoding']"
CANSTOREnergy: Seasonal storage of renewable energy,2022,"Pereira, Bruno",,CHU Clermont-Ferrand,['Biostatistics']
Rare Isotopes to Transform Cancer Therapy,2022,"Perrin, David",,"Professor, College of Health, University of Utah",['Athletic Training and Sports Medicine']
BIOSCAN: Tracing the Patterns of Life on a Changing Planet,2020,"Peterson, Eric",,"Department of Mechanical Engineering, Texas A&M University","['Combustion', 'Propulsion', 'Chemical Kinetics', 'Gas Dynamics']"
Ărramăt: Strengthening Health and Well-Being through Indigenous-Led Conservation and Sustainable Relationships with Biodiversity,2020,"Pictou, Sherry",,"Assistant Professor, Dalhousie University","['Indigenous Governance', 'Indigenous Women', 'Treaties', 'Indigenous Food and Lifeways', 'Indigenous worldviews']"
TRIDENT: TRanslational Initiative to DE-risk NeuroTherapeutics,2022,"Ping Lu, Kung",,Western University,"[""Pin1-catalyzed conformational regulation in signal transduction and drug discovery in cancer and Alzheimer's disease""]"
Ărramăt: Strengthening Health and Well-Being through Indigenous-Led Conservation and Sustainable Relationships with Biodiversity,2020,"Poesch, Mark",,University of Alberta,"['conservation biology', 'fisheries', 'freshwater']"
Ărramăt: Strengthening Health and Well-Being through Indigenous-Led Conservation and Sustainable Relationships with Biodiversity,2020,"Popp, Jesse",,University of Guelph,"['Indigenous environmental science', 'wildlife ecology']"
TRIDENT: TRanslational Initiative to DE-risk NeuroTherapeutics,2022,"Prado, Marco",,"Professor of Anatomy & Cell Biology / Physiology and Pharmacology, UWO",['Neuroscience']
TRIDENT: TRanslational Initiative to DE-risk NeuroTherapeutics,2022,"Prado, Vania",,"Professor, University of Western Ontario","['Neuroscience', 'Alzheimer disease', 'Parkinson disease', 'cognition', 'addiction']"
Rare Isotopes to Transform Cancer Therapy,2022,"Price, Eric",,Assistant Professor of Computer Science at the University of Texas at Austin,"['Theoretical Computer Science', 'Compressive Sensing']"
Enabling novel cardiac therapies with pluripotent stem cells,2022,"Protze, Stephanie",,"McEwen Stem Cell Institute, UHN","['stem cell biology', 'cell therapy', 'cardiovascular research', 'pacemaker']"
TRIDENT: TRanslational Initiative to DE-risk NeuroTherapeutics,2022,"Pruszynski, Andrew",,"Canada Research Chair in Sensorimotor Neuroscience, Western University, Canada","['sensorimotor neuroscience', 'neurophysiology']"
Protection of Metallic Surfaces from Bulk to Nano Through Molecular-Level Innovation,2020,"Ragogna, Paul",,The university of western ontario,['Chemistry']
BIOSCAN: Tracing the Patterns of Life on a Changing Planet,2020,"Ramirez, Rina",,Universidad Nacional Mayor de San Marcos,['Biología']
Rare Isotopes to Transform Cancer Therapy,2022,"Ramogida, Caterina",,"Assistant Professor, Simon Fraser University",['Nuclear Medicinal Chemistry and Radiochemistry']
Repurposing Marine By-Products or raw Materials for the Development and Production of Functional Foods and Bioactives to Improve Human Health and Coastal Community Sustainability,2020,"Randell, Edward",,Memorial University,['Clinical Biochemistry']
BIOSCAN: Tracing the Patterns of Life on a Changing Planet,2020,"Ratnasingham, Sujeevan",,"Associate Director - Informatics, Centre for Biodiversity Genomics","['Bioinformatics', 'Biodiversity Informatics', 'Genomics']"
CANSTOREnergy: Seasonal storage of renewable energy,2022,"Reed, Marty",,Case Western Reserve University School of Medicine,['CTL vaccines']
Rare Isotopes to Transform Cancer Therapy,2022,"Regier, Dean",,BC Cancer - BCCRI; SPPH - University of British Columbia,['Health economics']
BIOSCAN: Tracing the Patterns of Life on a Changing Planet,2020,"Rehan, Sandra",,"Associate Professor, York University","['Behaviour', 'Ecology', 'Evolution', 'Genomics']"
Ărramăt: Strengthening Health and Well-Being through Indigenous-Led Conservation and Sustainable Relationships with Biodiversity,2020,"Reid, Andrea",,"Assistant Professor, The University of British Columbia","['Indigenous Fisheries Science', 'Aquatic Conservation', 'Freshwater Ecology']"
Repurposing Marine By-Products or raw Materials for the Development and Production of Functional Foods and Bioactives to Improve Human Health and Coastal Community Sustainability,2020,"Reid, Brady",,PhD Student,"['community development', 'rural studies', 'Indigenous self-determination', 'environmental policy', 'regional development']"
Rare Isotopes to Transform Cancer Therapy,2022,"Reid, Gregor",,"Canadian Centre for Human Microbiome and Probiotics, Lawson Health Res Inst and University of","['Probiotics', 'vaginal and urinary health', 'Lactobacillus', 'pesticides', 'honey bees']"
Rare Isotopes to Transform Cancer Therapy,2022,"Reilly, Raymond",,"Professor and Director, Centre for Pharmaceutical Oncology, Leslie Dan Faculty of Pharmacy","['Radiolabeled monoclonal antibodies', 'Radiolabeled gold nanoparticles', 'Auger electrons', 'Molecular imaging', 'Radioimmunotherapy']"
A pipeline approach for the rational design of neuronal lineage conversion approaches to treat neurological disorders,2022,"Rho, Jong",,"Professor of Neurosciences, Pediatrics and Pharmacology, University of California San Diego","['Neurology', 'Epilepsy', 'Ketogenic Diet', 'Neuropharmacology', 'Autism']"
Abundant Intelligences: Expanding Artificial Intelligence through Indigenous Knowledge Systems,2022,"Rice, Jacqueline",,University of Lethbridge,"['reversible logic', 'logic synthesis', 'representations of digital functions', 'MV logic', 'sociolinguistics and programming']"
Abundant Intelligences: Expanding Artificial Intelligence through Indigenous Knowledge Systems,2022,"Richards, Blake",,Mila + McGill University,"['Machine Learning', 'Learning and Memory', 'Neural Networks', 'Neural Circuits']"
Repurposing Marine By-Products or raw Materials for the Development and Production of Functional Foods and Bioactives to Improve Human Health and Coastal Community Sustainability,2020,"Rise, Matthew",,"Professor, Department of Ocean Sciences, Memorial University, Canada","['aquaculture genomics', 'fish immunology', 'nutrigenomics', 'developmental biology']"
Ărramăt: Strengthening Health and Well-Being through Indigenous-Led Conservation and Sustainable Relationships with Biodiversity,2020,"Roe, Dilys",,"Principal Researcher, International Institute for Environment and Development (IIED)","['biodiversity conservation', 'community based natural resources management', 'poverty', 'livelihoods']"
Mend the Gap: A Transformative Biomaterials Platform for Spinal Cord Repair,2020,"Rohling, Robert",,"Electrical and Computer Engineering, University of British Columbia, V6T 1Z4","['Biomedical Technologies', 'Ultrasound', 'Elastography', 'Surgery', 'Epidural']"
BIOSCAN: Tracing the Patterns of Life on a Changing Planet,2020,"Roslin, Tomas",,"Professor of Systems Immunology, University of Edinburgh","['Genomics', 'Gene expression', 'Immunology', 'Macrophage', 'Pathways']"
CANSTOREnergy: Seasonal storage of renewable energy,2022,"Ross, Michael",,"Ross and Marianna Beach Distinguished Professor in Special Education, University of Kansas","['self-determination', 'special education', 'intellectual disability', 'positive psychology', 'positive education']"
Mend the Gap: A Transformative Biomaterials Platform for Spinal Cord Repair,2020,"Rossi, Fabio",,"Professor of Medical Genetics, University of British Columbia","['hematopoiesis', 'neuroscience', 'muscle', 'regeneration']"
Ărramăt: Strengthening Health and Well-Being through Indigenous-Led Conservation and Sustainable Relationships with Biodiversity,2020,"Roth, Geoffrey",,"Research Professor of Pediatrics, University of Florida",['Educational outcomes of premature infants']
Ărramăt: Strengthening Health and Well-Being through Indigenous-Led Conservation and Sustainable Relationships with Biodiversity,2020,"Roth, Robin",,"Professor of Geography, University of Guelph","['Conservation', 'Indigenous Peoples', 'Political Ecology', 'conservation social science', 'decolonizing conservation']"
BIOSCAN: Tracing the Patterns of Life on a Changing Planet,2020,"Rougerie, Rodolphe",,"Muséum national d'Histoire naturelle, Institut de Systématique, Evolution, Biodiversité - UMR7205","['Systematics', 'Biodiversity', 'Lepidoptera', 'DNA barcoding', 'Evolution']"
TRIDENT: TRanslational Initiative to DE-risk NeuroTherapeutics,2022,"Saksida, Lisa",,"Professor and Canada Research Chair in Translational Cognitive Neuroscience, Western University","['memory', 'perception', 'cognitive neuroscience']"
Ărramăt: Strengthening Health and Well-Being through Indigenous-Led Conservation and Sustainable Relationships with Biodiversity,2020,"Sanogo, Rokia",,"Professeur de Pharmacognosie, Faculté de Pharmacie - USTTB Bamako",['Recherche plantes médicinales']
Repurposing Marine By-Products or raw Materials for the Development and Production of Functional Foods and Bioactives to Improve Human Health and Coastal Community Sustainability,2020,"Santander, Javier",,Pathology Service. Hospital Universitario Marques de Valdecilla. Universidad de Cantabria. Santander,"['Pathology', 'Molecular pathology', 'Interstitial lung disease']"
CANSTOREnergy: Seasonal storage of renewable energy,2022,"Sargent, Edward",,Northwestern University & University of Toronto,"['Electrocatalysis', 'quantum dots', 'perovskites', 'CO2 capture', 'Reactive capture']"
Protection of Metallic Surfaces from Bulk to Nano Through Molecular-Level Innovation,2020,"Sarikhani, Kaveh",,University of Waterloo,"['Interfacial Phenomena', 'Coatings', 'Adhesives', 'Energy Storage']"
Enabling novel cardiac therapies with pluripotent stem cells,2022,"Sarvazyan, Narine",,The George Washington University,"['stem cells', 'arrhythmias', 'ischemia', 'doxorubicin and plasticizer cardiotoxicity']"
Inclusive Design for Employment Access (IDEA),2020,"Sayin, Firat",,"Fırat University, Department of Civil Engineering, Elazığ","['historical masonry structures', 'earthquake engineering', 'reinforced concrete structures']"
Rare Isotopes to Transform Cancer Therapy,2022,"Schaffer, Paul",,"chercheur, sanofi","['angiogenèse', 'atherosclérose', 'thrombose', 'oncologie']"
Rare Isotopes to Transform Cancer Therapy,2022,"Schirrmacher, Ralf",,University of Alberta,"['PET', 'SPECT', 'radiochemistry', 'nuclear chemistry']"
TRIDENT: TRanslational Initiative to DE-risk NeuroTherapeutics,2022,"Schmitz, Taylor",,"Assistant Professor, Department of Physiology & Pharmacology, University of Western Ontario","['Attention', 'Memory', 'Aging', ""Alzheimer's"", 'Multimodal neuroimaging']"
A pipeline approach for the rational design of neuronal lineage conversion approaches to treat neurological disorders,2022,"Schuurmans, Carol",https://scholar.google.ca/citations?user=hqwq5oQAAAAJ&hl=en,"Senior Scientist, Sunnybrook Research Institute, Professor, Biochemistry, University of Toronto","['Neural cell fate determination', 'Neocortex', 'Retina', 'Development', 'Transcription Factors']"
A pipeline approach for the rational design of neuronal lineage conversion approaches to treat neurological disorders,2022,"Schuurmans, Carol",,"Senior Scientist, Sunnybrook Research Institute, Professor, Biochemistry, University of Toronto","['Neural cell fate determination', 'Neocortex', 'Retina', 'Development', 'Transcription Factors']"
Ărramăt: Strengthening Health and Well-Being through Indigenous-Led Conservation and Sustainable Relationships with Biodiversity,2020,"Scott, Nigel",,"Professor of Medical Statistics, Newcastle University, UK","['statistics', 'biostatistics', 'medical statistics']"
CANSTOREnergy: Seasonal storage of renewable energy,2022,"Seferos, Dwight",,"Professor of Chemistry, University of Toronto","['Chemistry', 'Materials Science']"
Rare Isotopes to Transform Cancer Therapy,2022,"Seimbille, Yann",,Erasmus MC,"['Theranostics', 'Molecular Imaging', 'Radiopharmaceutical Chemistry']"
The Next Frontier in Transplantation: Ex Vivo Strategies to Repair and Rebuild Organs,2020,"Selzner, Markus",,"Associate Professor of Surgery, University of Toronto",['preservation injury']
Mend the Gap: A Transformative Biomaterials Platform for Spinal Cord Repair,2020,"Shadgan, Babak",,"Assistant Professor, University of British Columbia","['Sports Medicine', 'Musculoskeletal Medicine', 'Optical Diagnostics', 'Implantable Bio-sensing']"
Mend the Gap: A Transformative Biomaterials Platform for Spinal Cord Repair,2020,"Shahriari, Dena",,Assistant Professor at University of British Columbia/ICORD,"['Biomaterials', 'Neural Interfaces']"
Enabling novel cardiac therapies with pluripotent stem cells,2022,"Shoichet, Molly",,University of Toronto,"['polymers', 'biomaterials', 'tissue engineering', 'drug delivery']"
Mend the Gap: A Transformative Biomaterials Platform for Spinal Cord Repair,2020,"Shoichet, Molly",,University of Toronto,"['polymers', 'biomaterials', 'tissue engineering', 'drug delivery']"
CANSTOREnergy: Seasonal storage of renewable energy,2022,"Silas, David",,Unknown affiliation,[]
Ărramăt: Strengthening Health and Well-Being through Indigenous-Led Conservation and Sustainable Relationships with Biodiversity,2020,"Silvano, Renato",,"Professor Associado, Dep. de Ecologia, Universidade Federal do Rio Grande do Sul","['Ecologia Aplicada', 'Ecologia Humana', 'Etnobiologia', 'Ecologia de Peixes', 'Pesca']"
Mend the Gap: A Transformative Biomaterials Platform for Spinal Cord Repair,2020,"Silver, Jerry",,Professor of Neurosciences Case Western Reserve University,"['spinal cord injury', 'regeneration', 'glia']"
Enabling novel cardiac therapies with pluripotent stem cells,2022,"Simmons, Craig",,"Pro Vice-Chancellor, College of Engineering, Science and Environment, The University of Newcastle","['groundwater', 'hydrogeology', 'modelling']"
Ărramăt: Strengthening Health and Well-Being through Indigenous-Led Conservation and Sustainable Relationships with Biodiversity,2020,"Simmons, Deborah",,Simmons University,['health policy']
The Next Frontier in Transplantation: Ex Vivo Strategies to Repair and Rebuild Organs,2020,"Sinclair, John",,Proteomics Technical Expert Syngenta,['Quantitative Protein Mass Spectrometry']
CANSTOREnergy: Seasonal storage of renewable energy,2022,"Singh, Chandra Veer",,Professor of Materials Science & Engineering; University of Toronto,"['Computational materials science', 'Machine learning', 'Solid mechanics', 'Energy storage', '2D materials.']"
CANSTOREnergy: Seasonal storage of renewable energy,2022,"Sinton, David",https://scholar.google.ca/citations?user=Dgdo64MAAAAJ&hl=en,University of Toronto,"['energy', 'fluids', 'CO2 conversion', 'CO2 capture', 'electrochemical systems']"
CANSTOREnergy: Seasonal storage of renewable energy,2022,"Sinton, David",,University of Toronto,"['energy', 'fluids', 'CO2 conversion', 'CO2 capture', 'electrochemical systems']"
A pipeline approach for the rational design of neuronal lineage conversion approaches to treat neurological disorders,2022,"Slavcev, Roderick",,"School of Pharmacy, University of Waterloo",['Biotechnology']
Inclusive Design for Employment Access (IDEA),2020,"Smith, Frank",,"AstraZeneca, Merck, Pfizer, Rhone-Poulenc Rorer, Ohio State, Nottingham University",['Chemistry']
Abundant Intelligences: Expanding Artificial Intelligence through Indigenous Knowledge Systems,2022,"Smith, Linda",,"Professor Psychological and Brain Sciences, Indiana University","['Cognition', 'language', 'perception', 'development', 'action']"
Inclusive Design for Employment Access (IDEA),2020,"Smith-Merry, Jennifer",,"Professor of Health and Social Policy; Director, Centre for Disability Research and Policy","['Disability', 'Mental Health', 'Policy', 'Health Services', 'Critical Theory']"
Mend the Gap: A Transformative Biomaterials Platform for Spinal Cord Repair,2020,"Sorensen, Poul",,"E. Paul Sorensen Chair, School of Engineering, Brown University","['Computational Mechanics', 'Engineering', 'and Sciences', 'Isogeometric Analysis (IGA)', 'Fluid-Structure Interaction (FSI)']"
Inclusive Design for Employment Access (IDEA),2020,"Sousa, Drew",,Carnegie Mellon University,"['Software Engineering', 'Software Testing']"
A pipeline approach for the rational design of neuronal lineage conversion approaches to treat neurological disorders,2022,"Stefanovic, Bojana",,Sunnybrook Health Sciences Centre,"['neurovascular coupling', 'fMRI', 'ASL', 'two photon fluorescence microscopy', 'dementia']"
Mend the Gap: A Transformative Biomaterials Platform for Spinal Cord Repair,2020,"Steinø, Anne",,UFRGS,"['pharmacology', 'experimental pharmacology', 'pharmacognosy', 'pharmaceutical care', 'education']"
BIOSCAN: Tracing the Patterns of Life on a Changing Planet,2020,"Stevens, Mark",,"Professor of Medicine, UT Southwestern Medical Center",['Cardiac Electrophysiology']
A pipeline approach for the rational design of neuronal lineage conversion approaches to treat neurological disorders,2022,"Stricker, Stefan",,university of new mexico,['biology']
TRIDENT: TRanslational Initiative to DE-risk NeuroTherapeutics,2022,"Sullivan, Jacqueline",,"Associate Professor of Philosophy, University of Western Ontario","['Philosophy of Neuroscience', 'Philosophy of Scientific Experimentation', 'Philosophy of Science in']"
Inclusive Design for Employment Access (IDEA),2020,"Sultan-Taieb, Hélène",,"Université du Québec à Montréal, École des Sciences de la Gestion",[]
Ărramăt: Strengthening Health and Well-Being through Indigenous-Led Conservation and Sustainable Relationships with Biodiversity,2020,"Swiderska, Krystyna",,"Principal Researcher, IIED",['Environment and Development']
BIOSCAN: Tracing the Patterns of Life on a Changing Planet,2020,"Szucsich, Nikolaus",,"Natural History Museum Vienna, ABOL Manager, Natural History Museum Vienna","['Biodiversity', 'DNA-Barcoding', 'Phylogenomics']"
BIOSCAN: Tracing the Patterns of Life on a Changing Planet,2020,"Taylor, Graham",,"Professor Emeritus of Psychiatry, University of Toronto","['alexithymia', 'psychosomatics', 'psychoanalysis']"
Mend the Gap: A Transformative Biomaterials Platform for Spinal Cord Repair,2020,"Tetzlaff, Wolfram",,Professor and Principle Investigator ICORD (International Collaboration on Repair Discoveries,"['Neuroscience', 'spinal cord injury', 'myelin biology', 'metabolism']"
Repurposing Marine By-Products or raw Materials for the Development and Production of Functional Foods and Bioactives to Improve Human Health and Coastal Community Sustainability,2020,"Thomas, Raymond",https://scholar.google.ca/citations?user=-P0MyfgAAAAJ&hl=en,"Professor , Memorial University","['Functional foods', 'environmental stress biology', 'lipid bioinformatics', 'brain health', 'agriculture']"
Repurposing Marine By-Products or raw Materials for the Development and Production of Functional Foods and Bioactives to Improve Human Health and Coastal Community Sustainability,2020,"Thomas, Raymond",,University of Santo Tomas,"['Movement disorders', 'Parkinson’s Disease', 'Dystonia', 'Chemodenervation with Botulinum Toxin Therapy', 'Electrodiagnosis and Patholo']"
Ărramăt: Strengthening Health and Well-Being through Indigenous-Led Conservation and Sustainable Relationships with Biodiversity,2020,"Ticktin, Tamara",,University of Hawaii at Manoa,"['Biocultural conservation and restoration', 'Plant demography and ecology']"
Inclusive Design for Employment Access (IDEA),2020,"Tobin, Steven",,Senior Economist,"['Labour Market Policies', 'Policy Evaluation', 'Employment Projections', 'Work and Labour', 'Labour Productivity']"
Inclusive Design for Employment Access (IDEA),2020,"Tompa, Emile",https://scholar.google.com/citations?user=nuGBnpUAAAAJ&hl=en,Senior Scientist,"['Work Disability Policy', 'Occupational Health and Safety', 'Labour Economics', 'Health Economics']"
Inclusive Design for Employment Access (IDEA),2020,"Tompa, Emile",,Senior Scientist,"['Work Disability Policy', 'Occupational Health and Safety', 'Labour Economics', 'Health Economics']"
Mend the Gap: A Transformative Biomaterials Platform for Spinal Cord Repair,2020,"Tour, James",,"Professor, Rice University, Department of Chemistry, Materials Science and NanoEngineering, and","['chemistry', 'materials', 'electronics', 'nanotechnology', 'graphene']"
BIOSCAN: Tracing the Patterns of Life on a Changing Planet,2020,"Tremblay, Crystal",,"Assistant Professor, University of Victoria","['Environmental governance', 'Participatory Action Research', 'Water']"
Abundant Intelligences: Expanding Artificial Intelligence through Indigenous Knowledge Systems,2022,"Tsosie, Krystal",,Arizona State University,"['Indigenous community-engaged genomics and precision health', 'bioethics', 'data science']"
Protection of Metallic Surfaces from Bulk to Nano Through Molecular-Level Innovation,2020,"Tsukuda, Tatsuya",,"Department of Chemistry, The University of Tokyo","['metal clusters', 'nanocatalysis', 'nanoclusters', 'physical chemistry']"
BIOSCAN: Tracing the Patterns of Life on a Changing Planet,2020,"Tubaro, Pablo",,"Director, Museo Argentino de Ciencias Naturales ""Bernardino Rivadavia"" MACN - CONICET",['Evolutionary Biology']
Ărramăt: Strengthening Health and Well-Being through Indigenous-Led Conservation and Sustainable Relationships with Biodiversity,2020,"Turner, Nancy",,"Professor, Environmental Studies, University of Victoria",['ethnobotany']
Rare Isotopes to Transform Cancer Therapy,2022,"Uribe, Carlos",,Docente Investigador Universidad Distrital Francisco José de Caldas,"['Didáctica del lenguaje y las matemáticas', 'Educación matemática en la educación básica', 'Argumentación en lenguaje y mate']"
Enabling novel cardiac therapies with pluripotent stem cells,2022,"Valverde, Israel",,"Institute of Biomedicine of Seville, IBIS","['Paediatric Cardiology', 'Cardiac Magnetic Resonance', 'MRI', 'Magnetic Resonance Imaging']"
Enabling novel cardiac therapies with pluripotent stem cells,2022,"Vasconcelos, Sara",,"Senior Scientist and John Kiston McIvor Endowed Chair in Diabetes Research​, UHN/UofT","['Regenerative medicine', 'Vascularization', 'Organ-on-a-chip', 'Diabetes', 'Stem cell-derived cardiomyocytes']"
The Next Frontier in Transplantation: Ex Vivo Strategies to Repair and Rebuild Organs,2020,"Vasconcelos, Sara",,"Senior Scientist and John Kiston McIvor Endowed Chair in Diabetes Research​, UHN/UofT","['Regenerative medicine', 'Vascularization', 'Organ-on-a-chip', 'Diabetes', 'Stem cell-derived cardiomyocytes']"
Repurposing Marine By-Products or raw Materials for the Development and Production of Functional Foods and Bioactives to Improve Human Health and Coastal Community Sustainability,2020,"Vodden, Kelly",,"Grenfell Campus, Memorial University","['rural communities', 'community engaged scholarship', 'sustainable development', 'collaborative governance']"
BIOSCAN: Tracing the Patterns of Life on a Changing Planet,2020,"Vogler, Alfried",,Imperial College London / Natural History Museum,['evolutionary biology']
Inclusive Design for Employment Access (IDEA),2020,"Vukovic, Boris",,"Director, Accessibility Institute, Adjunct Research Professor, Carleton University","['accessibility', 'disabilities', 'inclusive education', 'higher education']"
The Next Frontier in Transplantation: Ex Vivo Strategies to Repair and Rebuild Organs,2020,"Waddell, Thomas",,Abbott Point of Care,"['Point of Care medical devices', 'Immunodiagnostics', 'bacteriophage therapy', 'bacterial toxins']"
Mend the Gap: A Transformative Biomaterials Platform for Spinal Cord Repair,2020,"Wallace, Gordon",,"Director, ARC Centre of Excellence for Electromaterials Science","['Electromaterials Science', 'Organic Conductors', 'Nanomaterials', 'Additive Manufacturing']"
TRIDENT: TRanslational Initiative to DE-risk NeuroTherapeutics,2022,"Walters, Carol",,"Information Technology Lecturer, Walter Sisulu University","['Artificial Intelligence', 'Big Data Analytics', 'Business Intelligence', 'ICT4D and Knowledge Creation Through Technology']"
TRIDENT: TRanslational Initiative to DE-risk NeuroTherapeutics,2022,"Watts, Joel",,"Associate Professor, University of Toronto","['Neurodegenerative diseases', 'protein misfolding', 'prions']"
Ărramăt: Strengthening Health and Well-Being through Indigenous-Led Conservation and Sustainable Relationships with Biodiversity,2020,"Weisheit, Anke",,"CIBM, Pharm-Bio Technology and Traditional Medicine Center (PHARMBIOTRAC), Mbarara University","['Innovation Incubation', 'Business Management', 'Natural Product Development']"
Ărramăt: Strengthening Health and Well-Being through Indigenous-Led Conservation and Sustainable Relationships with Biodiversity,2020,"Wesche, Sonia",,"Assoc. Professor, Environmental Studies / Indigenous Studies, U. Ottawa","['Indigenous health and well-being', 'Human dimensions of environmental change', 'Food security', 'Water security', 'Arctic']"
Enabling novel cardiac therapies with pluripotent stem cells,2022,"Willerth, Stephanie",,"Full Professor of Biomedical Engineering, U. of Victoria","['tissue engineering', 'stem cells', 'biomaterials', 'reprogramming', '3D printing']"
Mend the Gap: A Transformative Biomaterials Platform for Spinal Cord Repair,2020,"Willerth, Stephanie",,"Full Professor of Biomedical Engineering, U. of Victoria","['tissue engineering', 'stem cells', 'biomaterials', 'reprogramming', '3D printing']"
TRIDENT: TRanslational Initiative to DE-risk NeuroTherapeutics,2022,"Williams, Sylvain",,"McGill University, professor of psychiatry",['neuroscience and memory']
Ărramăt: Strengthening Health and Well-Being through Indigenous-Led Conservation and Sustainable Relationships with Biodiversity,2020,"Willows, Noreen",,"Full Professor, Division of Human Nutrition, Department of Agricultural, Food & Nutritional Science","['Nutrition', 'Food and Culture', 'Participatory Research', 'Food sovereignty']"
Protection of Metallic Surfaces from Bulk to Nano Through Molecular-Level Innovation,2020,"Wilson, Brian",,Jet Propulsion Laboratory,"['GPS', 'ionosphere', 'multi-sensor', 'cloud computing', 'workflow']"
The Next Frontier in Transplantation: Ex Vivo Strategies to Repair and Rebuild Organs,2020,"Withers, Stephen",,"Professor of Chemistry and Biochemistry, University Of British Columbia","['Chemical biology', 'glycobiology']"
Mend the Gap: A Transformative Biomaterials Platform for Spinal Cord Repair,2020,"Wolf, Michael",,Northwestern University,"['health literacy', 'self-management of chronic conditions', 'aging', 'cognitive function', 'medication safety and adherence']"
Ărramăt: Strengthening Health and Well-Being through Indigenous-Led Conservation and Sustainable Relationships with Biodiversity,2020,"Wrona, Fred",,"Professor and Svare Chair, Dept of Biol Sci, U Calgary","['Aquatic Ecology', 'Ecotoxicology', 'Hydroecology', 'Climate Change']"
CANSTOREnergy: Seasonal storage of renewable energy,2022,"Wu, Yimin",,"University of Waterloo, Argonne National Lab, University of California, Berkeley, Oxford University","['Energy Materials', 'Electronic/Photonic Materials', 'Sustainability', 'Responsive Materials', 'TEM/X-ray Imaging']"
Rare Isotopes to Transform Cancer Therapy,2022,"Wuest, Frank",,Francis Crick Institute,['DNA recombination and repair']
Protection of Metallic Surfaces from Bulk to Nano Through Molecular-Level Innovation,2020,"Yan, Li",,"Associate Professor of Basic Medicine, Ningbo University",['Histology and Embryology']
A pipeline approach for the rational design of neuronal lineage conversion approaches to treat neurological disorders,2022,"Yang, Guang",,Zhengzhou University,['chemistry']
Rare Isotopes to Transform Cancer Therapy,2022,"Yang, Hua",,"Univ. of California San Diego, National Tsing Hua Univ., National Yang Ming Chiao Tung Univ","['EEG', 'ICA', 'Neural Engineering', 'Brain-Computer Interface', 'cognitive neuroscience']"
Mend the Gap: A Transformative Biomaterials Platform for Spinal Cord Repair,2020,"Yang, Victor",,"ECE, BioMedical Engineering, Ryerson University; Neurosurgery, University of Toronto","['Biophotonics', 'Optical Coherence Tomography', 'Photodynamic Therapy', 'Surgical Navigation', 'Medical Imaging']"
Enabling novel cardiac therapies with pluripotent stem cells,2022,"Yau, Terrence",,The University of Hong Kong,"['Numerical cognition', 'Dyscalculia', 'Cognitive Development']"
Mend the Gap: A Transformative Biomaterials Platform for Spinal Cord Repair,2020,"Ye, Ziliang",,University of British Columbia,"['condensed matter physics', 'nanophotonics']"
The Next Frontier in Transplantation: Ex Vivo Strategies to Repair and Rebuild Organs,2020,"Yeung, Jonathan",,"President, Brigham Young University–Hawaii; Professor of Biology, Brigham Young University","[""Alzheimer's disease"", 'genetics', 'genomics', 'epistasis', 'evolution']"
Repurposing Marine By-Products or raw Materials for the Development and Production of Functional Foods and Bioactives to Improve Human Health and Coastal Community Sustainability,2020,"Yurgel, Svetlana",,USDA ARS,['Molecular Plant Microbe Interaction']
Repurposing Marine By-Products or raw Materials for the Development and Production of Functional Foods and Bioactives to Improve Human Health and Coastal Community Sustainability,2020,"Zabetakis, Ioannis",,"Department of Biological Sciences, University of Limerick, Ireland","['Inflammation', 'lipids', 'sensory properties', 'pollution', 'heavy metals']"
Ărramăt: Strengthening Health and Well-Being through Indigenous-Led Conservation and Sustainable Relationships with Biodiversity,2020,"Zapeta, Teresa",,Medical student,"['Medicine', 'Neurosurgery', 'Clinical Research', 'Cardiology']"
Protection of Metallic Surfaces from Bulk to Nano Through Molecular-Level Innovation,2020,"Zheng, Gang",,"Institute of High Performance Computing, A*STAR, Singapore","['Thermal Management in Nanoscale', 'computational material science']"
The Next Frontier in Transplantation: Ex Vivo Strategies to Repair and Rebuild Organs,2020,"Zheng, Gang",,"Institute of High Performance Computing, A*STAR, Singapore","['Thermal Management in Nanoscale', 'computational material science']"
Protection of Metallic Surfaces from Bulk to Nano Through Molecular-Level Innovation,2020,"Zheng, Jie",,City University of HK,"['nanoporous material', 'Supercapacitor', 'catalytic']"
Ărramăt: Strengthening Health and Well-Being through Indigenous-Led Conservation and Sustainable Relationships with Biodiversity,2020,"Zinsstag, Jakob",,Swiss Tropical and Public Health Institute,"['Zoonoses control in developing countries', 'Health care for mobile pastoralistset', 'zweites Interessengebiet']"
CANSTOREnergy: Seasonal storage of renewable energy,2022,"Zurba, Melanie",,Dalhousie University,"['environmental governance/collaboration', 'health geography/policy', 'learning/knowledge translation', 'intergenenerational studies']"
Ărramăt: Strengthening Health and Well-Being through Indigenous-Led Conservation and Sustainable Relationships with Biodiversity,2020,"jojo, Bipin",,Professor,['Tribal Studies']
Rare Isotopes to Transform Cancer Therapy,2022,"van der Meulen, Nicholas",,"Laboratory of Radiochemistry, Paul Scherrer Institute",['radiochemistry']
